--
-- PostgreSQL database dump
--

-- Dumped from database version 16.1
-- Dumped by pg_dump version 16.1

SET statement_timeout = 0;
SET lock_timeout = 0;
SET idle_in_transaction_session_timeout = 0;
SET client_encoding = 'UTF8';
SET standard_conforming_strings = on;
SELECT pg_catalog.set_config('search_path', '', false);
SET check_function_bodies = false;
SET xmloption = content;
SET client_min_messages = warning;
SET row_security = off;

SET default_tablespace = '';

SET default_table_access_method = heap;

--
-- Name: categories; Type: TABLE; Schema: public; Owner: postgres
--

CREATE TABLE public.categories (
    id integer NOT NULL,
    name character varying(300) NOT NULL,
    created_at timestamp without time zone DEFAULT now(),
    updated_at timestamp without time zone DEFAULT now()
);


ALTER TABLE public.categories OWNER TO postgres;

--
-- Name: categories_id_seq; Type: SEQUENCE; Schema: public; Owner: postgres
--

ALTER TABLE public.categories ALTER COLUMN id ADD GENERATED BY DEFAULT AS IDENTITY (
    SEQUENCE NAME public.categories_id_seq
    START WITH 1
    INCREMENT BY 1
    NO MINVALUE
    NO MAXVALUE
    CACHE 1
);


--
-- Name: comments; Type: TABLE; Schema: public; Owner: postgres
--

CREATE TABLE public.comments (
    id integer NOT NULL,
    subject character varying(200) NOT NULL,
    content text NOT NULL,
    post_id integer,
    user_id integer,
    created_at timestamp with time zone DEFAULT now(),
    updated_at timestamp with time zone DEFAULT now()
);


ALTER TABLE public.comments OWNER TO postgres;

--
-- Name: courses; Type: TABLE; Schema: public; Owner: postgres
--

CREATE TABLE public.courses (
    id integer NOT NULL,
    name character varying(100),
    price integer,
    created_at timestamp with time zone DEFAULT now(),
    updated_at timestamp with time zone DEFAULT now()
);


ALTER TABLE public.courses OWNER TO postgres;

--
-- Name: courses_id_seq; Type: SEQUENCE; Schema: public; Owner: postgres
--

ALTER TABLE public.courses ALTER COLUMN id ADD GENERATED ALWAYS AS IDENTITY (
    SEQUENCE NAME public.courses_id_seq
    START WITH 1
    INCREMENT BY 1
    NO MINVALUE
    NO MAXVALUE
    CACHE 1
);


--
-- Name: customers; Type: TABLE; Schema: public; Owner: postgres
--

CREATE TABLE public.customers (
    id integer NOT NULL,
    name character varying(50),
    email character varying(100),
    password character varying(100),
    status boolean DEFAULT false,
    created_at timestamp without time zone DEFAULT now(),
    updated_at timestamp without time zone DEFAULT now(),
    age integer
);


ALTER TABLE public.customers OWNER TO postgres;

--
-- Name: customers_id_seq; Type: SEQUENCE; Schema: public; Owner: postgres
--

ALTER TABLE public.customers ALTER COLUMN id ADD GENERATED BY DEFAULT AS IDENTITY (
    SEQUENCE NAME public.customers_id_seq
    START WITH 1
    INCREMENT BY 1
    NO MINVALUE
    MAXVALUE 2147483647
    CACHE 1
);


--
-- Name: phones; Type: TABLE; Schema: public; Owner: postgres
--

CREATE TABLE public.phones (
    id integer NOT NULL,
    phone character varying(15),
    user_id integer,
    created_at timestamp without time zone DEFAULT now(),
    updated_at timestamp without time zone DEFAULT now()
);


ALTER TABLE public.phones OWNER TO postgres;

--
-- Name: phones_id_seq; Type: SEQUENCE; Schema: public; Owner: postgres
--

ALTER TABLE public.phones ALTER COLUMN id ADD GENERATED BY DEFAULT AS IDENTITY (
    SEQUENCE NAME public.phones_id_seq
    START WITH 1
    INCREMENT BY 1
    NO MINVALUE
    NO MAXVALUE
    CACHE 1
);


--
-- Name: posts; Type: TABLE; Schema: public; Owner: postgres
--

CREATE TABLE public.posts (
    id integer NOT NULL,
    title character varying(255) NOT NULL,
    content text,
    user_id integer,
    created_at timestamp without time zone DEFAULT now(),
    updated_at timestamp without time zone DEFAULT now()
);


ALTER TABLE public.posts OWNER TO postgres;

--
-- Name: posts_categories; Type: TABLE; Schema: public; Owner: postgres
--

CREATE TABLE public.posts_categories (
    id integer NOT NULL,
    post_id integer,
    category_id integer,
    created_at timestamp without time zone DEFAULT now(),
    updated_at timestamp without time zone DEFAULT now()
);


ALTER TABLE public.posts_categories OWNER TO postgres;

--
-- Name: posts_categories_id_seq; Type: SEQUENCE; Schema: public; Owner: postgres
--

ALTER TABLE public.posts_categories ALTER COLUMN id ADD GENERATED BY DEFAULT AS IDENTITY (
    SEQUENCE NAME public.posts_categories_id_seq
    START WITH 1
    INCREMENT BY 1
    NO MINVALUE
    NO MAXVALUE
    CACHE 1
);


--
-- Name: posts_id_seq; Type: SEQUENCE; Schema: public; Owner: postgres
--

ALTER TABLE public.posts ALTER COLUMN id ADD GENERATED BY DEFAULT AS IDENTITY (
    SEQUENCE NAME public.posts_id_seq
    START WITH 1
    INCREMENT BY 1
    NO MINVALUE
    NO MAXVALUE
    CACHE 1
);


--
-- Name: users; Type: TABLE; Schema: public; Owner: postgres
--

CREATE TABLE public.users (
    id integer NOT NULL,
    name character varying(50),
    email character varying(100),
    password character varying(100),
    status boolean DEFAULT false,
    created_at timestamp without time zone DEFAULT now(),
    updated_at timestamp without time zone DEFAULT now(),
    age integer
);


ALTER TABLE public.users OWNER TO postgres;

--
-- Name: users_courses; Type: TABLE; Schema: public; Owner: postgres
--

CREATE TABLE public.users_courses (
    user_id integer,
    course_id integer,
    id integer NOT NULL
);


ALTER TABLE public.users_courses OWNER TO postgres;

--
-- Name: users_id_seq; Type: SEQUENCE; Schema: public; Owner: postgres
--

ALTER TABLE public.users ALTER COLUMN id ADD GENERATED BY DEFAULT AS IDENTITY (
    SEQUENCE NAME public.users_id_seq
    START WITH 1
    INCREMENT BY 1
    NO MINVALUE
    NO MAXVALUE
    CACHE 1
);


--
-- Data for Name: categories; Type: TABLE DATA; Schema: public; Owner: postgres
--

COPY public.categories (id, name, created_at, updated_at) FROM stdin;
1	cat-1	2023-12-21 20:23:00.57303	2023-12-21 20:23:00.57303
2	cat-2	2023-12-21 20:23:00.57303	2023-12-21 20:23:00.57303
\.


--
-- Data for Name: comments; Type: TABLE DATA; Schema: public; Owner: postgres
--

COPY public.comments (id, subject, content, post_id, user_id, created_at, updated_at) FROM stdin;
1	subject1\n	Comment1	1	1	2023-12-25 21:28:13.492384+07	2023-12-25 21:28:13.492384+07
2	subject2	Comment2	1	1	2023-12-25 21:28:13.492384+07	2023-12-25 21:28:13.492384+07
3	subject3	Commnet3	2	1	2023-12-25 21:28:13.492384+07	2023-12-25 21:28:13.492384+07
4	subject4	Commnet4	2	2	2023-12-28 20:28:57.789956+07	2023-12-28 20:28:57.789956+07
5	sb5	cm5	2	2	2023-12-28 20:30:05.465724+07	2023-12-28 20:30:05.465724+07
\.


--
-- Data for Name: courses; Type: TABLE DATA; Schema: public; Owner: postgres
--

COPY public.courses (id, name, price, created_at, updated_at) FROM stdin;
1	san pham 1	10000	2023-12-25 19:39:40.451181+07	2023-12-25 19:39:40.451181+07
2	san pham 2	30000	2023-12-25 19:49:26.389747+07	2023-12-25 19:49:26.389747+07
3	san pham 3	15000	2023-12-25 19:50:15.687487+07	2023-12-25 19:50:15.687487+07
\.


--
-- Data for Name: customers; Type: TABLE DATA; Schema: public; Owner: postgres
--

COPY public.customers (id, name, email, password, status, created_at, updated_at, age) FROM stdin;
1	bach	bach@gmail.com	1234	f	2023-12-21 20:11:38.577381	2023-12-21 20:11:38.577381	25
2	khoa	khoa@gmail.com	2222	f	2023-12-21 20:13:05.965877	2023-12-21 20:13:05.965877	25
3	van	van@gmail.com	2145	f	2023-12-25 20:40:20.259099	2023-12-25 20:40:20.259099	22
\.


--
-- Data for Name: phones; Type: TABLE DATA; Schema: public; Owner: postgres
--

COPY public.phones (id, phone, user_id, created_at, updated_at) FROM stdin;
2	0975160128	2	2023-12-21 20:17:35.530403	2023-12-21 20:17:35.530403
1	0975160812	1	2023-12-21 20:15:56.199602	2023-12-21 20:15:56.199602
\.


--
-- Data for Name: posts; Type: TABLE DATA; Schema: public; Owner: postgres
--

COPY public.posts (id, title, content, user_id, created_at, updated_at) FROM stdin;
1	u lo lo	hello anh em	1	2023-12-21 20:20:37.096575	2023-12-21 20:20:37.096575
2	ai cha cha	goodbye anh em	2	2023-12-21 20:20:37.096575	2023-12-21 20:20:37.096575
\.


--
-- Data for Name: posts_categories; Type: TABLE DATA; Schema: public; Owner: postgres
--

COPY public.posts_categories (id, post_id, category_id, created_at, updated_at) FROM stdin;
1	1	1	2023-12-21 20:30:29.875152	2023-12-21 20:30:29.875152
2	2	2	2023-12-21 20:30:29.875152	2023-12-21 20:30:29.875152
\.


--
-- Data for Name: users; Type: TABLE DATA; Schema: public; Owner: postgres
--

COPY public.users (id, name, email, password, status, created_at, updated_at, age) FROM stdin;
1	bach	bach@gmail.com	1234	f	2023-12-21 20:11:38.577381	2023-12-21 20:11:38.577381	25
2	khoa	khoa@gmail.com	2222	f	2023-12-21 20:13:05.965877	2023-12-21 20:13:05.965877	25
7	Trần Xuân Bách	bach@mail.com	\N	f	2024-01-11 13:07:48.220667	2024-01-11 13:07:48.220667	\N
11	bach bach	tranxuanbach98@gmail.com	\N	f	2024-01-11 13:47:40.787596	2024-01-11 13:47:40.787596	\N
\.


--
-- Data for Name: users_courses; Type: TABLE DATA; Schema: public; Owner: postgres
--

COPY public.users_courses (user_id, course_id, id) FROM stdin;
1	1	5
1	2	4
2	1	3
2	2	2
2	3	1
\.


--
-- Name: categories_id_seq; Type: SEQUENCE SET; Schema: public; Owner: postgres
--

SELECT pg_catalog.setval('public.categories_id_seq', 2, true);


--
-- Name: courses_id_seq; Type: SEQUENCE SET; Schema: public; Owner: postgres
--

SELECT pg_catalog.setval('public.courses_id_seq', 3, true);


--
-- Name: customers_id_seq; Type: SEQUENCE SET; Schema: public; Owner: postgres
--

SELECT pg_catalog.setval('public.customers_id_seq', 1, false);


--
-- Name: phones_id_seq; Type: SEQUENCE SET; Schema: public; Owner: postgres
--

SELECT pg_catalog.setval('public.phones_id_seq', 2, true);


--
-- Name: posts_categories_id_seq; Type: SEQUENCE SET; Schema: public; Owner: postgres
--

SELECT pg_catalog.setval('public.posts_categories_id_seq', 5, true);


--
-- Name: posts_id_seq; Type: SEQUENCE SET; Schema: public; Owner: postgres
--

SELECT pg_catalog.setval('public.posts_id_seq', 4, true);


--
-- Name: users_id_seq; Type: SEQUENCE SET; Schema: public; Owner: postgres
--

SELECT pg_catalog.setval('public.users_id_seq', 11, true);


--
-- Name: categories categories_pkey; Type: CONSTRAINT; Schema: public; Owner: postgres
--

ALTER TABLE ONLY public.categories
    ADD CONSTRAINT categories_pkey PRIMARY KEY (id);


--
-- Name: comments comments_pkey; Type: CONSTRAINT; Schema: public; Owner: postgres
--

ALTER TABLE ONLY public.comments
    ADD CONSTRAINT comments_pkey PRIMARY KEY (id);


--
-- Name: courses courses_pkey; Type: CONSTRAINT; Schema: public; Owner: postgres
--

ALTER TABLE ONLY public.courses
    ADD CONSTRAINT courses_pkey PRIMARY KEY (id);


--
-- Name: customers customers_pkey; Type: CONSTRAINT; Schema: public; Owner: postgres
--

ALTER TABLE ONLY public.customers
    ADD CONSTRAINT customers_pkey PRIMARY KEY (id);


--
-- Name: phones phones_phone_key; Type: CONSTRAINT; Schema: public; Owner: postgres
--

ALTER TABLE ONLY public.phones
    ADD CONSTRAINT phones_phone_key UNIQUE (phone);


--
-- Name: phones phones_pkey; Type: CONSTRAINT; Schema: public; Owner: postgres
--

ALTER TABLE ONLY public.phones
    ADD CONSTRAINT phones_pkey PRIMARY KEY (id);


--
-- Name: posts_categories posts_categories_pkey; Type: CONSTRAINT; Schema: public; Owner: postgres
--

ALTER TABLE ONLY public.posts_categories
    ADD CONSTRAINT posts_categories_pkey PRIMARY KEY (id);


--
-- Name: posts posts_pkey; Type: CONSTRAINT; Schema: public; Owner: postgres
--

ALTER TABLE ONLY public.posts
    ADD CONSTRAINT posts_pkey PRIMARY KEY (id);


--
-- Name: users_courses users_courses_pkey; Type: CONSTRAINT; Schema: public; Owner: postgres
--

ALTER TABLE ONLY public.users_courses
    ADD CONSTRAINT users_courses_pkey PRIMARY KEY (id);


--
-- Name: users users_pkey; Type: CONSTRAINT; Schema: public; Owner: postgres
--

ALTER TABLE ONLY public.users
    ADD CONSTRAINT users_pkey PRIMARY KEY (id);


--
-- Name: comments comment_post_id_foreign; Type: FK CONSTRAINT; Schema: public; Owner: postgres
--

ALTER TABLE ONLY public.comments
    ADD CONSTRAINT comment_post_id_foreign FOREIGN KEY (post_id) REFERENCES public.posts(id);


--
-- Name: comments comment_user_id_foreign; Type: FK CONSTRAINT; Schema: public; Owner: postgres
--

ALTER TABLE ONLY public.comments
    ADD CONSTRAINT comment_user_id_foreign FOREIGN KEY (user_id) REFERENCES public.users(id);


--
-- Name: phones phones_user_id_fkey; Type: FK CONSTRAINT; Schema: public; Owner: postgres
--

ALTER TABLE ONLY public.phones
    ADD CONSTRAINT phones_user_id_fkey FOREIGN KEY (user_id) REFERENCES public.users(id);


--
-- Name: posts_categories posts_categories_category_id_fkey; Type: FK CONSTRAINT; Schema: public; Owner: postgres
--

ALTER TABLE ONLY public.posts_categories
    ADD CONSTRAINT posts_categories_category_id_fkey FOREIGN KEY (category_id) REFERENCES public.categories(id);


--
-- Name: posts_categories posts_categories_post_id_fkey; Type: FK CONSTRAINT; Schema: public; Owner: postgres
--

ALTER TABLE ONLY public.posts_categories
    ADD CONSTRAINT posts_categories_post_id_fkey FOREIGN KEY (post_id) REFERENCES public.posts(id);


--
-- Name: posts posts_user_id_fkey; Type: FK CONSTRAINT; Schema: public; Owner: postgres
--

ALTER TABLE ONLY public.posts
    ADD CONSTRAINT posts_user_id_fkey FOREIGN KEY (user_id) REFERENCES public.users(id);


--
-- Name: users_courses users_courses_course_id_fkey; Type: FK CONSTRAINT; Schema: public; Owner: postgres
--

ALTER TABLE ONLY public.users_courses
    ADD CONSTRAINT users_courses_course_id_fkey FOREIGN KEY (course_id) REFERENCES public.courses(id);


--
-- Name: users_courses users_courses_user_id_fkey1; Type: FK CONSTRAINT; Schema: public; Owner: postgres
--

ALTER TABLE ONLY public.users_courses
    ADD CONSTRAINT users_courses_user_id_fkey1 FOREIGN KEY (user_id) REFERENCES public.users(id);


--
-- PostgreSQL database dump complete
--

